,att_cat,att_name,att_price,score
277,outdoor_activities,nordic_backcountry_skiing_tour_in_jacques-cartier_national_park,89.9,5.0
708,recommended_experiences,vancouver_harbor_and_indian_arm_lunch_cruise,85.33,4.474648096639649
176,"food,_wine_&_nightlife",victoria_craft_brewery_tour_and_tastings,79.0,3.7106350572867983
766,recommended_experiences,45-minute_beacon_hill_park_carriage_tour,165.0,3.2826104735163426
85,cultural_&_theme_tours,6-hour_eagle_viewing_river_float_trip_from_vancouver_with_lunch,157.49,2.8014611672982035
616,luxury_&_special_occasions,3_hour_whale_watching_tour,129.0,1.9210480727206853
365,tours_&_sightseeing,laurentian_mountains_day_trip_from_montreal,100.0,1.5577977141560697
251,outdoor_activities,rockies_classic_4-day_summer_tour,687.0,1.5333465092822287
186,"food,_wine_&_nightlife",4_hour_montreal_architecture_&_city_bike_tour_with_wine_or_beer,86.23,1.4772615952014339
556,family_friendly,3_hour_whale_watching_tour,129.0,1.4134665525825887
160,"food,_wine_&_nightlife",niagara-on-the-lake_wine_tour_with_lunch,114.99,1.2160946487473763
352,tours_&_sightseeing,rockies_classic_4-day_summer_tour,687.0,1.212466023199636
747,recommended_experiences,full-day_niagara_winery_tour_from_toronto,99.0,1.1974220281346812
718,recommended_experiences,small-group_quebec_wine_tour_from_montreal_with_gourmet_lunch_or_cheese_tasting,97.73,1.1615207184834673
515,water_sports,squamish_cheakamus_white-water_rafting_from_whistler,120.74,1.0746896030771045
770,recommended_experiences,whistler_wilderness_adventure_snowmobile_tour,159.0,1.01728189114585
688,recommended_experiences,jasper_evening_wildlife_tour,73.9,0.9664387036976784
326,tours_&_sightseeing,bird_kingdom_all_day_admission_ticket,20.28,0.9034826934863912
0,featured_tours_and_tickets,vancouver_city_sightseeing_tour,80.0,0.898492577646497
179,"food,_wine_&_nightlife",tour_and_taste_okanagan's_wine_country,135.45,0.8610325781565337
172,"food,_wine_&_nightlife",full-day_niagara_winery_tour_from_toronto,99.0,0.860269281806726
183,"food,_wine_&_nightlife",beyond_the_bagel:_montreal_jewish_food_walking_tour,85.0,0.8381495163884475
700,recommended_experiences,gastown_walking_food_tour,93.45,0.836684369924365
753,recommended_experiences,victoria_craft_brewery_tour_and_tastings,79.0,0.807881474498603
269,outdoor_activities,small-group_capilano_suspension_bridge_and_vancouver_city_tour,200.0,0.7698749442696934
807,recommended_experiences,call_of_the_wild_atv_tour,156.45,0.7690004071500115
206,sightseeing_tickets_&_passes,bird_kingdom_all_day_admission_ticket,20.28,0.7557301087873173
351,tours_&_sightseeing,3_hour_whale_watching_tour,129.0,0.7478017856561842
750,recommended_experiences,granite_falls_zodiac_tour,103.95,0.7363782819324763
220,outdoor_activities,evening_wildlife_safari,58.8,0.729656899170135
730,recommended_experiences,whistler_wilderness_snowmobile_run,208.96,0.7176744435543229
716,recommended_experiences,niagara-on-the-lake_wine_tour_with_lunch,114.99,0.6651723176684637
30,"cruises,_sailing_&_water_tours",vancouver_harbor_and_indian_arm_lunch_cruise,85.33,0.6427861020266924
395,tours_&_sightseeing,old_montreal_ghost_walking_tour,25.0,0.6329564630887295
574,family_friendly,full-day_mont-tremblant_rouge_river_rafting_tour_with_lunch,98.29,0.6329028212945612
531,family_friendly,niagara_falls_small-group_day_tour_from_toronto,100.57,0.6027865812853453
255,outdoor_activities,2_hour_banff_horseback_riding_adventure,124.95,0.5994945360116711
149,"food,_wine_&_nightlife",vancouver_brewery_tour,83.99,0.5986259346642947
164,"food,_wine_&_nightlife",kelowna_or_west_kelowna_afternoon_sightseeing_wine_tour,98.95,0.5977670064273423
600,multi-day_&_extended_tours,overnight_camping_and_river-rafting_trip_in_squamish,425.24,0.5897308500993251
728,recommended_experiences,1_hour_banff_horseback_riding_adventures,67.2,0.5836381095928235
618,luxury_&_special_occasions,full-day_niagara_winery_tour_from_toronto,99.0,0.5823863211666124
757,recommended_experiences,laurentian_mountains_day_trip_from_montreal,100.0,0.5732258855952436
629,luxury_&_special_occasions,lift_your_spirits!_distillery_and_cocktail_experience,105.0,0.5682547862110691
658,recommended_experiences,butchart_gardens_tour_from_victoria,73.5,0.5532537705344746
140,"food,_wine_&_nightlife",st._lawrence_market_and_old_toronto_food_tour,89.0,0.5492875754172847
793,recommended_experiences,nordic_backcountry_skiing_tour_in_jacques-cartier_national_park,89.9,0.5464471984473779
638,private_&_custom_tours,120_minute_private_vacation_photography_session_with_local_photographer_in_santorini,886.09,0.5276954342039425
129,day_trips_&_excursions,4_hour_montreal_architecture_&_city_bike_tour_with_wine_or_beer,86.23,0.5116011372060364
626,luxury_&_special_occasions,boldt_castle_and_thousand_islands_helicopter_tour,172.84,0.5047433416023771
514,water_sports,full-day_mont-tremblant_rouge_river_rafting_tour_with_lunch,98.29,0.5008305684359372
583,family_friendly,lift_your_spirits!_distillery_and_cocktail_experience,105.0,0.4974933453397151
101,day_trips_&_excursions,half-day_trip_to_montmorency_falls_and_ste-anne-de-beaupré_from_quebec,57.5,0.49589178603431494
23,"air,_helicopter_&_balloon_tours",victoria_panorama_seaplane_tour,125.0,0.4865143650086662
388,tours_&_sightseeing,seaplane_flight_to_vancouver_with_bus_tour_from_victoria,439.0,0.48564994068624556
156,"food,_wine_&_nightlife",fine_dining_dinner_tour_in_whistler,131.24,0.4805187952932404
697,recommended_experiences,glacier_skywalk_admission,36.75,0.47974054959095935
659,recommended_experiences,quebec_city_sightseeing_tour,42.0,0.47061594849684263
383,tours_&_sightseeing,small-group_capilano_suspension_bridge_and_vancouver_city_tour,200.0,0.4679340786318352
789,recommended_experiences,mountain_explorer_atv_tour,103.95,0.46244151065844863
647,recommended_experiences,vancouver_city_sightseeing_tour,80.0,0.45505433210250334
64,cultural_&_theme_tours,half-day_trip_to_montmorency_falls_and_ste-anne-de-beaupré_from_quebec,57.5,0.4375290742921262
544,family_friendly,niagara_falls_helicopter_tour,145.0,0.43381569910646833
24,"cruises,_sailing_&_water_tours",niagara_falls_canadian_side_tour_and_maid_of_the_mist_boat_ride,149.89,0.43355309614280324
443,walking_&_biking_tours,vancouver_highlights_bike_tour,94.45,0.4280069962969575
703,recommended_experiences,small-group_granville_island_market_tour,79.9,0.422961809680673
784,recommended_experiences,6-hour_eagle_viewing_river_float_trip_from_vancouver_with_lunch,157.49,0.41801379385546433
676,recommended_experiences,gastronomic_gastown_walking_tour,146.35,0.4152549238330492
465,walking_&_biking_tours,ottawa_spring_tulip_festival_bike_tour,68.0,0.41439780930430103
288,outdoor_activities,overnight_camping_and_river-rafting_trip_in_squamish,425.24,0.41094450888299316
786,recommended_experiences,vancouver_craft_brewery_and_food_tour,94.99,0.41001589028230534
491,walking_&_biking_tours,beyond_the_bike_lanes_bike_tour,85.0,0.40662370633140255
334,tours_&_sightseeing,ultimate_day_tour_to_victoria,363.56,0.4026386596410573
16,"air,_helicopter_&_balloon_tours",seaplane_flight_to_vancouver_with_bus_tour_from_victoria,439.0,0.4023116975165608
223,outdoor_activities,jasper_evening_wildlife_tour,73.9,0.39953287670389637
542,family_friendly,medieval_times_dinner_and_tournament_toronto,68.99,0.3981680887604613
623,luxury_&_special_occasions,vancouver_full-day_sightseeing_and_photography_tour,249.0,0.3948563675008112
80,cultural_&_theme_tours,beyond_the_bagel:_montreal_jewish_food_walking_tour,85.0,0.3901086290300596
347,tours_&_sightseeing,summer_tour:_banff_and_its_wildlife,74.55,0.3887321893854321
138,"food,_wine_&_nightlife",small-group_quebec_city_food_tour,53.0,0.3879188786578647
797,recommended_experiences,ile_d'orleans_food_tour,51.75,0.3847462083605573
289,outdoor_activities,call_of_the_wild_atv_tour,156.45,0.37598281000340317
804,recommended_experiences,overnight_camping_and_river-rafting_trip_in_squamish,425.24,0.3749429506328412
597,multi-day_&_extended_tours,rockies_classic_4-day_summer_tour,687.0,0.37336535426008177
387,tours_&_sightseeing,grouse_mountain_&_capilano_suspension_bridge_park,182.0,0.3726372328572697
715,recommended_experiences,ultimate_day_tour_to_victoria,363.56,0.36959229158624063
819,recommended_experiences,half-day_canadian_side_sightseeing_tour_of_niagara_falls_with_cruise_&_lunch,199.0,0.367841128834399
670,recommended_experiences,niagara_falls_platinum_tour_from_toronto_with_cruise_and_lunch,149.0,0.36670761616746084
113,day_trips_&_excursions,ultimate_day_tour_to_victoria,363.56,0.3659394832624412
608,luxury_&_special_occasions,niagara_falls_helicopter_tour,145.0,0.36448214123972345
516,water_sports,squamish_elaho_white-water_rafting_from_vancouver,215.24,0.36279088581948393
499,water_sports,ultimate_day_tour_to_victoria,363.56,0.3626437556115032
454,walking_&_biking_tours,ultimate_day_tour_to_victoria,363.56,0.361811483389071
314,tours_&_sightseeing,niagara_falls_in_one_day:_deluxe_sightseeing_tour_of_american_and_canadian_sides,204.42,0.3616839192453567
205,sightseeing_tickets_&_passes,butchart_gardens_tour_from_victoria,73.5,0.35911131155945486
5,featured_tours_and_tickets,niagara_falls_in_one_day:_deluxe_sightseeing_tour_of_american_and_canadian_sides,204.42,0.35880078273050797
686,recommended_experiences,evening_wildlife_safari,58.8,0.3580579867794962
161,"food,_wine_&_nightlife",small-group_quebec_wine_tour_from_montreal_with_gourmet_lunch_or_cheese_tasting,97.73,0.35763583245469244
642,private_&_custom_tours,60_minute_private_vacation_photography_session_with_local_photographer_in_prague,477.13,0.35682345606165466
308,tours_&_sightseeing,vancouver_city_hop-on_hop-off_tour,31.2,0.3548692129517672
584,family_friendly,gourmet_bike_tour_in_niagara-on-the-lake_with_wine_and_beer,134.47,0.35073379336301513
242,outdoor_activities,1_hour_banff_horseback_riding_adventures,67.2,0.3503723707826337
173,"food,_wine_&_nightlife",flavors_of_old_montreal_walking_tour,68.0,0.3497729127406296
241,outdoor_activities,banff_via_ferrata_climbing_adventure,177.45,0.3473077535256289
123,day_trips_&_excursions,fraser_valley_wine_tour_from_vancouver,187.0,0.3472523529841106
649,recommended_experiences,niagara_falls_canadian_side_tour_and_maid_of_the_mist_boat_ride,149.89,0.3443289851236355
234,outdoor_activities,ultimate_day_tour_to_victoria,363.56,0.3438310397802269
10,"air,_helicopter_&_balloon_tours",niagara_falls_helicopter_tour,145.0,0.34331798020178106
323,tours_&_sightseeing,evening_wildlife_safari,58.8,0.342691646301838
740,recommended_experiences,summer_tour:_banff_and_its_wildlife,74.55,0.33763903997017164
142,"food,_wine_&_nightlife",niagara-on-the-lake_wine_tour_and_tastings_with_transport,40.0,0.33735175958275476
698,recommended_experiences,bird_kingdom_all_day_admission_ticket,20.28,0.3351764089544862
281,outdoor_activities,full-day_mont-tremblant_rouge_river_rafting_tour_with_lunch,98.29,0.33293439080948983
150,"food,_wine_&_nightlife",small-group_toronto_beer_tour,80.0,0.33291389041069386
808,recommended_experiences,whistler_blackcomb_salmon_bake_dinner_and_atv_tour,183.75,0.3326740962017213
557,family_friendly,rockies_classic_4-day_summer_tour,687.0,0.3310753948607643
228,outdoor_activities,discover_grizzly_bears_from_banff,231.0,0.3303758531023864
257,outdoor_activities,top_of_gowlland_tod_hike_in_victoria,86.0,0.32980074271900583
684,recommended_experiences,montreal_tower_observatory_admission_plus_optional_ticket_to_botanical_garden,23.75,0.32942568984666365
662,recommended_experiences,niagara_falls_in_one_day:_deluxe_sightseeing_tour_of_american_and_canadian_sides,204.41,0.3287309846434975
344,tours_&_sightseeing,victoria_city_sightseeing_tour_with_craigdarroch_castle,47.25,0.3272844149482972
121,day_trips_&_excursions,3_hour_whale_watching_tour,129.0,0.32585719147394454
467,walking_&_biking_tours,quebec_lower_town_historical_bike_tour,57.0,0.32561976058172326
411,tours_&_sightseeing,stanley_park_photography_tour_in_vancouver,104.0,0.3243868786895222
671,recommended_experiences,niagara-on-the-lake_wine_tour_and_tastings_with_transport,40.0,0.3231588333525329
211,outdoor_activities,butchart_gardens_tour_from_victoria,73.5,0.3231064556580221
821,recommended_experiences,full-day_niagara_ice_wine_festival_tour_with_lunch_and_winery_visits,395.0,0.3226307694607593
760,recommended_experiences,whistler_sasquatch_zipline,135.45,0.321623007229331
68,cultural_&_theme_tours,small_group_excursion_of_quebec_city_montmorency_falls,35.0,0.31995571474173234
455,walking_&_biking_tours,montmorency_falls_bike_tour_in_quebec,77.0,0.31977104627000463
633,private_&_custom_tours,private_winery_tour_of_niagara-on-the-lake,165.0,0.318459900120738
356,tours_&_sightseeing,full-day_niagara_winery_tour_from_toronto,99.0,0.31688142437430367
94,cultural_&_theme_tours,kingston_discovery_sightseeing_cruise,39.55,0.3163753448244022
564,family_friendly,niagara_falls_canada_underground_railroad_heritage_tour,124.05,0.31559138319323443
548,family_friendly,ultimate_day_tour_to_victoria,363.56,0.31302097394151984
227,outdoor_activities,niagara_falls_helicopter_tour,145.0,0.3129059958335275
102,day_trips_&_excursions,whistler_small-group_day_trip_from_vancouver,145.0,0.3119054334740624
710,recommended_experiences,fine_dining_dinner_tour_in_whistler,131.24,0.31143958526978743
368,tours_&_sightseeing,niagara_falls_canada_underground_railroad_heritage_tour,124.06,0.3105956613461628
489,walking_&_biking_tours,lift_your_spirits!_distillery_and_cocktail_experience,105.0,0.30954305105731494
280,outdoor_activities,2_hour_ziplines_and_tree_course_adventure_from_mont-tremblant,42.4,0.3088131709071531
213,outdoor_activities,banff_national_park_tour_with_lake_louise_and_moraine_lake,88.2,0.30872963040803814
430,transfers_&_ground_transport,victoria_day_trip_from_seattle_with_butchart_gardens,271.29,0.3064722781845858
327,tours_&_sightseeing,niagara_falls_helicopter_tour,145.0,0.3063958276357247
74,cultural_&_theme_tours,talking_trees_-_indigenous_walking_tour,40.0,0.3056975499770044
301,tours_&_sightseeing,montreal_city_guided_sightseeing_tour,55.0,0.3044165773369575
188,"food,_wine_&_nightlife",vancouver_craft_brewery_and_food_tour,94.99,0.3036908192508967
81,cultural_&_theme_tours,animated_crime_walking_tour_in_old_quebec,20.0,0.30305635114446083
778,recommended_experiences,vancouver_to_victoria_by_seaplane_and_ferry,289.0,0.30280528996027867
292,outdoor_activities,whistler_sky_walk,124.95,0.2999279792960262
310,tours_&_sightseeing,half-day_trip_to_montmorency_falls_and_ste-anne-de-beaupré_from_quebec,57.5,0.2955602951353927
725,recommended_experiences,niagara-on-the-lake_winery_tasting_afternoon_tour_with_wine_and_cheese,95.0,0.2954959359745615
640,private_&_custom_tours,whistler_singletrack_mountain_bike_tour,139.0,0.2935437264162972
98,day_trips_&_excursions,vancouver_to_victoria_and_butchart_gardens_tour_by_bus,210.0,0.2926836989622511
260,outdoor_activities,4-day_erling_strom_trail_backcountry_lodge_trip_by_horseback,-1.0,0.292477925522326
369,tours_&_sightseeing,pedicab_tour_from_victoria_cruise_ship_terminal,90.0,0.29206841219409885
272,outdoor_activities,victoria_marine_wildlife_tour,112.35,0.2919098501283446
610,luxury_&_special_occasions,ultimate_day_tour_to_victoria,363.56,0.29132154913984065
6,featured_tours_and_tickets,whistler_small-group_day_trip_from_vancouver,145.0,0.28897878774821417
568,family_friendly,vancouver_full-day_sightseeing_and_photography_tour,249.0,0.28877664172469797
759,recommended_experiences,quebec_city_dinner_cruise,142.56,0.2884358844256767
355,tours_&_sightseeing,vancouver_super_saver:_1-day_city_hop-on_hop-off_tour_and_attractions_combo,81.0,0.2883360755135762
815,recommended_experiences,squamish_via_ferrata_tour,114.45,0.2880617109270094
305,tours_&_sightseeing,niagara_falls_canadian_side_tour_and_maid_of_the_mist_boat_ride,149.89,0.2863348408729366
602,luxury_&_special_occasions,niagara_falls_small-group_day_tour_from_toronto,100.57,0.2839418452601319
776,recommended_experiences,full-day_cheakamus_rafting_and_sea_to_sky_gondola_combo_from_vancouver,205.79,0.28372463996243313
162,"food,_wine_&_nightlife",private_winery_tour_of_niagara-on-the-lake,165.0,0.28322867320979306
427,transfers_&_ground_transport,vancouver_aquabus_ferry_ticket,16.0,0.2828140485220806
198,"food,_wine_&_nightlife",sake_a_to_z_gastronomic_experience_in_distillery_district,90.0,0.2803047557407712
385,tours_&_sightseeing,4_hour_montreal_architecture_&_city_bike_tour_with_wine_or_beer,86.23,0.27985204318076495
429,transfers_&_ground_transport,private_transport_from_vancouver_international_airport_(yvr)_to_downtown_vancouver,122.66,0.27918179555793177
625,luxury_&_special_occasions,full-day_mont-tremblant_rouge_river_rafting_tour_with_lunch,98.29,0.278409705471375
238,outdoor_activities,3_hour_banff_horseback_riding_adventures,170.1,0.2775013124652098
678,recommended_experiences,guided_tour_of_the_fairmont_le_château_frontenac_in_quebec_city,26.25,0.2768294709775909
781,recommended_experiences,4_hour_montreal_architecture_&_city_bike_tour_with_wine_or_beer,86.23,0.2761553211340755
399,tours_&_sightseeing,full-day_mont-tremblant_rouge_river_rafting_tour_with_lunch,98.29,0.27575575572054556
362,tours_&_sightseeing,30-minute_heritage_horse-drawn_carriage_tour,115.0,0.27519499012023674
409,tours_&_sightseeing,call_of_the_wild_atv_tour,156.45,0.2751344782192331
586,shore_excursions,skagway_shore_excursion:_full-day_tour_of_the_yukon,157.45,0.274203661184358
575,family_friendly,niagara_falls_american_side_highlights_tour,149.89,0.2738314113156045
104,day_trips_&_excursions,niagara_on_the_lake_wine_tour_with_cheese_pairing,83.62,0.2737202804674399
798,recommended_experiences,squamish_cheakamus_white-water_rafting_from_whistler,120.74,0.27318622584250596
551,family_friendly,quebec_city_historic_discoverers_cruise,44.83,0.2730216730435914
274,outdoor_activities,mountain_explorer_atv_tour,103.95,0.2709759201106604
232,outdoor_activities,whistler_sightseeing_tours_-_discover_all_of_whistler_this_winter!,83.99,0.27080664067824334
780,recommended_experiences,maligne_lake_cruise,82.95,0.27015150729044746
203,holiday_&_seasonal_tours,horse-drawn_sleigh_ride_in_banff,39.9,0.2691850756217392
803,recommended_experiences,2-day_whistler_sea_to_sky_tour_from_vancouver,166.95,0.26873571567386845
96,cultural_&_theme_tours,fly_and_dine_to_bowen_island_from_vancouver,275.0,0.26818962462175944
460,walking_&_biking_tours,talking_trees_-_indigenous_walking_tour,40.0,0.2676092379963295
817,recommended_experiences,seaplane_flight_to_victoria_with_whale_watching_and_return_by_ferry,389.0,0.2665073827816875
331,tours_&_sightseeing,toronto's_original_brunch_food_tour,99.0,0.2659704152314555
144,"food,_wine_&_nightlife",half-day_beer_cider_and_wine_tour,35.0,0.26585488751491637
248,outdoor_activities,summer_tour:_banff_and_its_wildlife,74.55,0.2652890105551222
151,"food,_wine_&_nightlife",gastown_walking_food_tour,93.45,0.2648462459098132
249,outdoor_activities,talking_trees_-_indigenous_walking_tour,40.0,0.26394928476142154
825,recommended_experiences,5-night_churchill_tour_and_polar_bear_adventure_from_winnipeg,-1.0,0.26182295921552834
734,recommended_experiences,victoria_whale_watch_tour,114.45,0.261316000291952
127,day_trips_&_excursions,full-day_cheakamus_rafting_and_sea_to_sky_gondola_combo_from_vancouver,205.79,0.2606956021643144
345,tours_&_sightseeing,vancouver_biking_and_hiking_tour_including_lunch,135.5,0.25913872603376964
390,tours_&_sightseeing,toronto_small-group_city_tour,168.37,0.25809089733927904
579,family_friendly,kingston_discovery_sightseeing_cruise,39.55,0.25783631866039736
37,"cruises,_sailing_&_water_tours",3_hour_whale_watching_tour,129.0,0.2566170670601571
372,tours_&_sightseeing,ottawa_spring_tulip_festival_bike_tour,68.0,0.25643327796210424
444,walking_&_biking_tours,gastronomic_gastown_walking_tour,146.35,0.2563103854910378
110,day_trips_&_excursions,discover_grizzly_bears_from_banff,231.0,0.25615363713348804
637,private_&_custom_tours,shore_excursion:_charlottetown_south_shore_and_confederation_bridge,410.0,0.25595489868296206
769,recommended_experiences,the_pork_and_bacon_walking_food_tour_of_toronto's_hogtown_history,98.0,0.2556651450570845
77,cultural_&_theme_tours,6-hour_niagara_falls_canadian_side_evening_illuminations_tour,149.89,0.2551543938345353
533,family_friendly,half-day_trip_to_montmorency_falls_and_ste-anne-de-beaupré_from_quebec,57.5,0.25507233727849676
407,tours_&_sightseeing,kingston_discovery_sightseeing_cruise,39.55,0.2550544200398708
408,tours_&_sightseeing,gulf_islands_kayak_and_seaplane_adventure,629.0,0.2549154789992376
667,recommended_experiences,niagara_falls_day_and_evening_tour_with_boat_cruise_and_optional_fallsview_dinner,169.0,0.25473130517520204
31,"cruises,_sailing_&_water_tours",ultimate_day_tour_to_victoria,363.56,0.2541747165998489
363,tours_&_sightseeing,peggy's_cove_and_halifax_tour_with_lobster_roll_lunch,140.0,0.25393233923070635
743,recommended_experiences,ottawa_city_tour_by_land_and_water,36.45,0.2535176046212845
593,shore_excursions,best_of_toronto_private_food_tour_with_sightseeing_and_black_car,225.0,0.2531637666388491
673,recommended_experiences,arctic_day:_evening_aurora_viewing,135.45,0.25280937904786693
503,water_sports,victoria_whale_watch_tour,114.45,0.2525330908313862
816,recommended_experiences,athabasca_river_mile_5_morning_rafting_trip,72.45,0.25209444825017824
679,recommended_experiences,private_tour:_quebec_city_walking_tour,25.72,0.25141799005076626
415,tours_&_sightseeing,small-group_niagara_falls_tour,250.0,0.25082463266363164
485,walking_&_biking_tours,whistler_singletrack_mountain_bike_tour,139.0,0.2502618335116996
442,walking_&_biking_tours,niagara_falls_platinum_tour_from_toronto_with_cruise_and_lunch,149.0,0.24979928295870546
509,water_sports,"kayak,_wine,_and_cheese_tour",155.75,0.24915909892338284
240,outdoor_activities,columbia_icefield_tour_including_the_glacier_skywalk_from_jasper,232.05,0.24913508102988724
25,"cruises,_sailing_&_water_tours",whale-watching_cruise_with_expert_naturalists,94.5,0.24900504364771237
335,tours_&_sightseeing,small-group_quebec_wine_tour_from_montreal_with_gourmet_lunch_or_cheese_tasting,97.73,0.24879272986608014
723,recommended_experiences,arctic_day:_yukon_wildlife_and_hot_springs_tour,145.95,0.24858222979265243
711,recommended_experiences,small-group_walking_tour_of_toronto's_kensington_market_and_chinatown,53.0,0.24845411604039136
773,recommended_experiences,niagara-on-the-lake_wine_tasting_tour_with_cheese_from_niagara_falls,100.57,0.24726844552236116
720,recommended_experiences,beyond_the_market_food_tour_in_montreal,104.0,0.24698748563323258
447,walking_&_biking_tours,lost_souls_of_gastown_walking_tour,30.45,0.24662298524498905
652,recommended_experiences,small-group_quebec_city_food_tour,53.0,0.2447354096518296
754,recommended_experiences,banff_day_trip_from_calgary,238.35,0.24452743777771724
79,cultural_&_theme_tours,niagara_falls_canada_underground_railroad_heritage_tour,124.06,0.2443911348581086
483,walking_&_biking_tours,ebike_tour,79.0,0.2443093531063435
330,tours_&_sightseeing,"show_me_the_city,_toronto_walking_tour",36.0,0.2442658241094363
350,tours_&_sightseeing,3-hour_east_vancouver_art_mural_&_craft_brewery_tour,45.0,0.24308878244559096
695,recommended_experiences,small-group_toronto_beer_tour,80.0,0.24254065784185874
400,tours_&_sightseeing,niagara_falls_american_side_highlights_tour,149.89,0.24230624979664483
287,outdoor_activities,2-day_whistler_sea_to_sky_tour_from_vancouver,166.95,0.24221556438642144
772,recommended_experiences,4-hour_eagle_viewing_river_float_trip_from_squamish_with_lunch,125.99,0.2421997356602733
295,outdoor_activities,squamish_via_ferrata_tour,114.45,0.2417011307866085
712,recommended_experiences,northern_lights_and_arctic_circle_day_trip_from_fairbanks,299.91,0.24103720366206371
479,walking_&_biking_tours,old_montreal_ghost_walking_tour,25.0,0.24069688604987982
266,outdoor_activities,whistler_wilderness_adventure_snowmobile_tour,159.0,0.24051881288071386
63,cultural_&_theme_tours,niagara_falls_small-group_day_tour_from_toronto,100.57,0.24036299885769363
506,water_sports,newfoundland_puffin_and_whale_watch_cruise,72.0,0.24033326503531127
42,"cruises,_sailing_&_water_tours",4-hour_eagle_viewing_river_float_trip_from_squamish_with_lunch,125.99,0.2397858549226899
114,day_trips_&_excursions,small-group_quebec_wine_tour_from_montreal_with_gourmet_lunch_or_cheese_tasting,97.73,0.2395003882434774
572,family_friendly,victoria_highlight_city_tour,74.95,0.23926966257552718
361,tours_&_sightseeing,whistler_odyssey_tour:_off-road_buggy_adventure,229.0,0.2391474296347169
136,day_trips_&_excursions,half-day_canadian_side_sightseeing_tour_of_niagara_falls_with_cruise_&_lunch,199.0,0.23841051449515593
822,recommended_experiences,victoria_panorama_seaplane_tour,125.0,0.23640378376904836
118,day_trips_&_excursions,columbia_icefield_tour_including_the_glacier_skywalk_from_jasper,232.05,0.23630177642276062
349,tours_&_sightseeing,historical_chinatown_walking_tour,15.0,0.23624461713389255
62,cultural_&_theme_tours,quebec_city_walking_tour,30.99,0.23615992245682937
653,recommended_experiences,vancouver_city_hop-on_hop-off_tour,31.2,0.23604076732388124
714,recommended_experiences,quebec_pub_crawl,28.0,0.23600894498902103
677,recommended_experiences,half-day_beer_cider_and_wine_tour,35.0,0.23590869639008316
578,family_friendly,canyon_sainte-anne_walking_tour,13.5,0.2358119652858448
116,day_trips_&_excursions,"whistler_sightseeing_tour_from_vancouver,_includes_cypress_and_shannon_falls",144.95,0.23570995793955707
761,recommended_experiences,banff_national_park_guided_hike_with_lunch,109.2,0.2353511734802004
112,day_trips_&_excursions,columbia_icefield_tour_including_the_glacier_skywalk_from_banff,281.4,0.2348655393682404
168,"food,_wine_&_nightlife",quebec_city_craft_brewery_and_beer_tasting_small-group_tour,74.73,0.2344500902677077
765,recommended_experiences,1-_or_2-hour_horseback_ride_in_pemberton,82.95,0.23440760552703943
656,recommended_experiences,half-day_trip_to_montmorency_falls_and_ste-anne-de-beaupré_from_quebec,57.5,0.23303347423830845
620,luxury_&_special_occasions,quebec_city_dinner_cruise,142.56,0.23302918729164335
382,tours_&_sightseeing,best_of_toronto_private_food_tour_with_sightseeing_and_black_car,225.0,0.23299005516311067
560,family_friendly,niagara_falls_domed_jet-boat_ride,79.04,0.2329296531838163
480,walking_&_biking_tours,victoria_highlight_city_tour,74.95,0.2325749907885607
644,recommended_experiences,walking_tour_of_old_montreal,29.5,0.23245594557732197
792,recommended_experiences,old_montreal_ghost_walking_tour,25.0,0.2324329719400654
254,outdoor_activities,niagara_falls_domed_jet-boat_ride,79.04,0.23171496333451458
666,recommended_experiences,st._lawrence_market_and_old_toronto_food_tour,89.0,0.23155156471354843
413,tours_&_sightseeing,nanaimo_classic_adventure_course,41.99,0.23153029486278687
264,outdoor_activities,blackcomb_glacier_safari_by_jeep_4x4,145.95,0.23128819229791775
536,family_friendly,niagara_falls_tour_day_trip_from_toronto,89.0,0.23094023512693318
632,private_&_custom_tours,private_tour:_quebec_city_walking_tour,25.72,0.2305606754645071
278,outdoor_activities,victoria_highlight_city_tour,74.95,0.23031148294938408
420,tours_&_sightseeing,beyond_city_sights_e-bike_adventure_tour,89.0,0.23012329698295686
512,water_sports,elaho_whitewater_experience,187.95,0.23012021917509473
481,walking_&_biking_tours,"rabbis,_writers_and_radicals:_montreal_jewish_history_walking_tour",24.0,0.2295701709414486
771,recommended_experiences,half-day_yukon_snowshoeing_adventure,135.45,0.22863803484606127
52,"cruises,_sailing_&_water_tours",vancouver_city_and_seals_scenic_boat_tour,61.95,0.22836806712786883
32,"cruises,_sailing_&_water_tours",quebec_city_historic_discoverers_cruise,44.83,0.2281499824564952
476,walking_&_biking_tours,jewish_neighborhood_food_tour,95.44,0.22809722003600152
86,cultural_&_theme_tours,ottawa_river_historic_sightseeing_cruise,28.0,0.22773695163356844
436,walking_&_biking_tours,walking_tour_of_old_montreal,29.5,0.22732502002773547
93,cultural_&_theme_tours,niagara_falls_american_side_highlights_tour,149.89,0.22732238190671072
404,tours_&_sightseeing,niagara_falls_and_niagara-on-the-lake_day_tour_from_toronto,198.0,0.226884563738323
190,"food,_wine_&_nightlife",niagara_falls_walking_food_tour,88.14,0.2262083253823297
403,tours_&_sightseeing,vancouver_to_victoria_whale_watching_with_return_to_vancouver_by_seaplane,569.0,0.22544502903252184
423,tours_&_sightseeing,half-day_niagara_falls_new_york_trip_with_cave_of_the_winds,139.0,0.2251020732993133
406,tours_&_sightseeing,canyon_sainte-anne_walking_tour,13.5,0.22507920958376604
477,walking_&_biking_tours,little_italy_walking_food_tour_in_vancouver,73.0,0.22495538277817007
692,recommended_experiences,whistler_helicopter_tour,187.95,0.22484529618624427
683,recommended_experiences,island_of_orleans_food_and_drink_tour,44.95,0.2245682934786527
726,recommended_experiences,columbia_icefield_tour_including_the_glacier_skywalk_from_jasper,232.05,0.22455218994823123
787,recommended_experiences,jewish_neighborhood_food_tour,95.44,0.22444606053784255
207,sightseeing_tickets_&_passes,ultimate_day_tour_to_victoria,363.56,0.2241790057449482
268,outdoor_activities,dune_buggy_4x4_tours,197.77,0.22402747866859307
577,family_friendly,vancouver_to_victoria_whale_watching_with_return_to_vancouver_by_seaplane,569.0,0.223961525642976
762,recommended_experiences,60-minute_deluxe_horse-drawn_carriage_tour,215.0,0.2239483350378526
159,"food,_wine_&_nightlife",quebec_pub_crawl,28.0,0.2239140394645318
189,"food,_wine_&_nightlife",jewish_neighborhood_food_tour,95.44,0.2238454483178901
549,family_friendly,"whistler_sightseeing_tour_from_vancouver,_includes_cypress_and_shannon_falls",144.95,0.22338245807805845
648,recommended_experiences,quebec_city_walking_tour,30.99,0.2233052380772319
507,water_sports,squamish_cheakamus_white-water_rafting,120.74,0.22306720261560908
124,day_trips_&_excursions,"local_food,_craft_beverage_and_estate_winery_tour_of_cowichan_valley",150.0,0.22303114829493842
501,water_sports,riverside_rafting_on_clearwater_river_in_wells_gray_park,104.0,0.2229398583153135
217,outdoor_activities,northern_lights_tour_from_yellowknife,100.0,0.22249626925718424
448,walking_&_biking_tours,small-group_toronto_beer_tour,80.0,0.22198002194916688
18,"air,_helicopter_&_balloon_tours",boldt_castle_and_thousand_islands_helicopter_tour,172.84,0.2219468805537943
497,water_sports,victoria_whale_and_wildlife_cruise,151.2,0.22150450063446814
751,recommended_experiences,marine_wildlife_tour_by_zodiac,110.25,0.2208146869473686
445,walking_&_biking_tours,private_tour:_quebec_city_walking_tour,25.72,0.22054307040353582
374,tours_&_sightseeing,4-hour_eagle_viewing_river_float_trip_from_squamish_with_lunch,125.99,0.21995509918015987
78,cultural_&_theme_tours,shared_wonder_tour,297.74,0.21993399421196247
9,"air,_helicopter_&_balloon_tours",whistler_helicopter_tour,187.95,0.21962533405207474
246,outdoor_activities,victoria_whale_watch_tour,114.45,0.21948639301144157
661,recommended_experiences,victoria_guided_food_and_history_tour,63.0,0.21945083333846305
1,featured_tours_and_tickets,vancouver_to_victoria_and_butchart_gardens_tour_by_bus,210.0,0.219351299230636
517,water_sports,vancouver_to_victoria_whale_watching_with_return_to_vancouver_by_seaplane,569.0,0.2193219501342364
634,private_&_custom_tours,best_of_vancouver_-_4_hours,186.65,0.21907924299996573
518,water_sports,overnight_camping_and_river-rafting_trip_in_squamish,425.24,0.21875123661923035
226,outdoor_activities,bird_kingdom_all_day_admission_ticket,20.28,0.21853782362050456
384,tours_&_sightseeing,vancouver_full-day_sightseeing_and_photography_tour,249.0,0.21832474038690686
303,tours_&_sightseeing,quebec_city_walking_tour,30.99,0.21811605402168355
654,recommended_experiences,niagara_falls_day_trip_from_toronto,169.0,0.21785603421818844
51,"cruises,_sailing_&_water_tours",interactive_pirate_cruise_from_granville_island,34.5,0.21771753286439266
650,recommended_experiences,greg_frewin_wild_magic_show,32.77,0.21703513889267512
88,cultural_&_theme_tours,victoria_highlight_city_tour,74.95,0.21658973612634136
664,recommended_experiences,niagara_falls_tour_day_trip_from_toronto,89.0,0.21590118653889956
87,cultural_&_theme_tours,lunenburg_and_mahone_bay-_bus_tour,114.94,0.21585985597617952
95,cultural_&_theme_tours,quebec_city_shore_excursion:_grand_walking_tour_of_quebec_city,30.99,0.21572575149075823
527,water_sports,seaplane_flight_to_victoria_with_whale_watching_and_return_by_ferry,389.0,0.2156707906360773
376,tours_&_sightseeing,southeast_edmonton_roots_and_resources_bus_tour,26.25,0.21530672993467137
665,recommended_experiences,vancouver_seaplane_tour,135.0,0.21496218033667702
50,"cruises,_sailing_&_water_tours",victoria_marine_wildlife_tour,112.35,0.21483098877655382
271,outdoor_activities,fishing_adventure_in_whistler,165.0,0.2147412926617146
275,outdoor_activities,victoria_classic_adventure_course,41.99,0.21425324027214854
256,outdoor_activities,marine_wildlife_tour_by_zodiac,110.25,0.21402108562197664
569,family_friendly,thousand_islands_sunset_dinner_cruise,99.44,0.21395161510165994
736,recommended_experiences,a_wok_around_chinatown:_culinary_and_cultural_walking_tour,108.0,0.213839330075547
293,outdoor_activities,half_day_guided_horseback_ride_at_birkenhead_lake,303.46,0.21366318053629485
204,sightseeing_tickets_&_passes,"best_of_niagara_falls_tour_from_niagara_falls,_ontario",158.0,0.2134953850469541
672,recommended_experiences,niagara_on_the_lake_wine_tour_with_cheese_pairing,83.62,0.21282134512514805
605,luxury_&_special_occasions,niagara_on_the_lake_wine_tour_with_cheese_pairing,83.62,0.21264321699512734
439,walking_&_biking_tours,small-group_quebec_city_food_tour,53.0,0.2123520343870282
273,outdoor_activities,rzr_off-roading_tours_from_whistler,198.45,0.2122570620301396
353,tours_&_sightseeing,4-day_yukon_aurora_viewing_tour,702.45,0.2116655183512095
319,tours_&_sightseeing,historic_downtown_victoria_food_tour,70.0,0.2115327329263006
543,family_friendly,niagara-on-the-lake_wine-tasting_tour_with_gourmet_lunch_or_dinner,157.07,0.2113492186325212
469,walking_&_biking_tours,the_pork_and_bacon_walking_food_tour_of_toronto's_hogtown_history,98.0,0.2108535816450091
451,walking_&_biking_tours,toronto's_original_brunch_food_tour,99.0,0.21063917935089915
823,recommended_experiences,bowen_island_dinner_and_zodiac_tour,135.45,0.21037476267902944
456,walking_&_biking_tours,lynn_canyon_park_and_photography_tour,99.0,0.2102261485279724
468,walking_&_biking_tours,3_hour_montreal_city_bike_tour_with_wine_or_beer,74.73,0.21004675629829406
49,"cruises,_sailing_&_water_tours",ottawa_river_historic_sightseeing_cruise,28.0,0.2100081188174534
646,recommended_experiences,montreal_city_guided_sightseeing_tour,55.0,0.20984620413956367
59,"cruises,_sailing_&_water_tours",vancouver_whale_watching_safari,259.0,0.2094377900284301
449,walking_&_biking_tours,old_montreal_discovery_tour,60.0,0.20882816422830996
524,water_sports,whale-watching_cruise_from_victoria_to_vancouver,232.32,0.20854522574841294
13,"air,_helicopter_&_balloon_tours",helicopter_tour_over_montreal,179.0,0.20853643201166405
306,tours_&_sightseeing,vancouver_tour_including_capilano_suspension_bridge,130.0,0.2085003776909934
380,tours_&_sightseeing,full-day_prince_edward_county_wine_tour_with_lunch,425.0,0.20832010608764018
131,day_trips_&_excursions,victoria_highlight_city_tour,74.95,0.20792438793393797
73,cultural_&_theme_tours,niagara-on-the-lake_cycle_and_wine-tasting_tour_with_optional_two_course_lunch,77.98,0.20780517784013508
155,"food,_wine_&_nightlife",small-group_gourmet_food_tour_in_vancouver,131.87,0.2068535856021907
283,outdoor_activities,advanced_backcountry_snowmobile_expedition,313.95,0.20669414416276155
377,tours_&_sightseeing,toronto_islands_evening_bike_tour,96.05,0.20661472572774764
494,walking_&_biking_tours,toronto_islands_morning_bike_tour,96.05,0.2061577262210763
675,recommended_experiences,vancouver_highlights_bike_tour,94.45,0.2059790484825088
245,outdoor_activities,best_of_vancouver_-_4_hours,186.65,0.20576112869369922
182,"food,_wine_&_nightlife",niagara-on-the-lake_wine_tasting_tour_with_cheese_from_niagara_falls,100.57,0.20567934694193402
286,outdoor_activities,niagara_beach_horseback_ride,73.45,0.205654724479037
358,tours_&_sightseeing,fraser_valley_wine_tour_from_vancouver,187.0,0.2051077540532531
359,tours_&_sightseeing,"local_food,_craft_beverage_and_estate_winery_tour_of_cowichan_valley",150.0,0.20506318080010688
463,walking_&_biking_tours,epic_electric_bike_tour_of_vancouver,94.45,0.2047870574661903
502,water_sports,wild_current_canoe_adventure_at_pyramid_lake,120.0,0.20385613050960583
192,"food,_wine_&_nightlife",montreal_afternoon_tea_tour,149.5,0.2029471329340391
530,family_friendly,quebec_city_walking_tour,30.99,0.20290014140328694
215,outdoor_activities,capilano_suspension_bridge_and_grouse_mountain_from_vancouver,212.0,0.2022409958730993
437,walking_&_biking_tours,walking_tour_of_old_montreal,29.5,0.20223330135344397
643,recommended_experiences,whistler_exotic_car_driving_experience,887.25,0.20194552631833507
709,recommended_experiences,columbia_icefield_tour_including_the_glacier_skywalk_from_banff,281.4,0.20181592862299758
19,"air,_helicopter_&_balloon_tours",ultimate_thousand_islands_helicopter_tour,522.0,0.20179603279360303
537,family_friendly,niagara_falls_day_and_evening_tour_with_boat_cruise_and_optional_fallsview_dinner,169.0,0.20153403439933937
324,tours_&_sightseeing,"jasper_national_park_tour:_maligne_valley,_medicine_lake_and_spirit_island",72.45,0.20150221206447916
193,"food,_wine_&_nightlife",ile_d'orleans_food_tour,51.75,0.20128775480951444
405,tours_&_sightseeing,2-day_whistler_sea_to_sky_tour_from_vancouver,166.95,0.20096502467082844
152,"food,_wine_&_nightlife",montreal_craft_brewery_and_beer_tasting_small-group_tour,74.73,0.2007851927543126
719,recommended_experiences,zipline_adventure_in_whistler,103.95,0.20072715409176967
261,outdoor_activities,whistler_sasquatch_zipline,135.45,0.2005237989294505
802,recommended_experiences,niagara_beach_horseback_ride,73.45,0.20031077065670744
316,tours_&_sightseeing,niagara_on_the_lake_wine_tour_with_cheese_pairing,83.62,0.2001835912389759
34,"cruises,_sailing_&_water_tours",full-day_whale_watching_cruise_from_quebec,159.8,0.19995462431837552
393,tours_&_sightseeing,electric_bike_tour_of_quebec_city,85.0,0.19988982547070677
146,"food,_wine_&_nightlife",island_of_orleans_food_and_drink_tour,44.95,0.19962711258533217
741,recommended_experiences,quebec_city_craft_brewery_and_beer_tasting_small-group_tour,74.73,0.199234142474364
196,"food,_wine_&_nightlife",independent_bike_tour_of_niagara-on-the-lake_wineries_including_wine_tastings,64.0,0.19894312474882891
237,outdoor_activities,jasper_to_banff_one-way_tour,257.25,0.1987547189389829
54,"cruises,_sailing_&_water_tours",full-day_mont-tremblant_rouge_river_rafting_tour_with_lunch,98.29,0.19871382806310034
613,luxury_&_special_occasions,lynn_canyon_park_and_photography_tour,99.0,0.19840340915586285
495,walking_&_biking_tours,beyond_city_sights_e-bike_adventure_tour,89.0,0.19833042114084665
117,day_trips_&_excursions,jasper_to_banff_one-way_tour,257.25,0.1982930477596636
342,tours_&_sightseeing,lynn_canyon_park_and_photography_tour,99.0,0.1979707573078151
107,day_trips_&_excursions,mountain_lakes_and_waterfalls_day_trip_from_banff,183.75,0.19781928519231462
341,tours_&_sightseeing,montmorency_falls_bike_tour_in_quebec,77.0,0.19762153603717292
763,recommended_experiences,blackcomb_glacier_safari_by_jeep_4x4,145.95,0.19752815754507014
818,recommended_experiences,30-minute_victoria_carriage_tour_including_james_bay,115.0,0.1972690171152498
721,recommended_experiences,winter_wildlife_discovery_tour,72.45,0.1972690171152498
233,outdoor_activities,columbia_icefield_tour_including_the_glacier_skywalk_from_banff,281.4,0.1971960291002336
663,recommended_experiences,whistler_small-group_day_trip_from_vancouver,145.0,0.19716777922092765
547,family_friendly,whistler_sightseeing_tours_-_discover_all_of_whistler_this_winter!,83.99,0.1971529397901638
426,transfers_&_ground_transport,day_trip_from_seattle_to_victoria_on_the_victoria_clipper,170.41,0.19714359644486812
724,recommended_experiences,private_winery_tour_of_niagara-on-the-lake,165.0,0.19702543060730426
696,recommended_experiences,grotto_canyon_icewalk,79.8,0.19686802271949821
561,family_friendly,6-hour_niagara_falls_canadian_side_evening_illuminations_tour,149.89,0.19624855892639026
457,walking_&_biking_tours,vancouver_biking_and_hiking_tour_including_lunch,135.5,0.19617216333838383
731,recommended_experiences,stanley_park_horse-drawn_tours,42.0,0.19594226208325383
438,walking_&_biking_tours,quebec_city_walking_tour,30.99,0.19588438830327481
435,transfers_&_ground_transport,victoria_and_butchart_gardens_with_victoria_clipper_to_seattle_one-way_from_vancouver,373.0,0.19581189493595086
799,recommended_experiences,whistler_exotic_car_driving_experience,887.25,0.19568350637941634
534,family_friendly,day_trip_from_seattle_to_victoria_on_the_victoria_clipper,170.4,0.19522183520009706
379,tours_&_sightseeing,vancouver_to_victoria_by_seaplane_and_ferry,289.0,0.1951171897327847
690,recommended_experiences,whistler_superfly_ziplines,103.95,0.1950437620309311
312,tours_&_sightseeing,quebec_city_sightseeing_tour,42.0,0.19504288265725622
452,walking_&_biking_tours,whistler_sightseeing_tours_-_discover_all_of_whistler_this_winter!,83.99,0.19490086380876082
197,"food,_wine_&_nightlife","craft_vine,_orchard_&_stills",140.0,0.19488195727475066
33,"cruises,_sailing_&_water_tours",1-hour_toronto_harbour_tour_with_live_narration,21.24,0.19461858485911998
775,recommended_experiences,beyond_the_bagel:_montreal_jewish_food_walking_tour,85.0,0.19461154986972073
26,"cruises,_sailing_&_water_tours",vancouver_harbor_sunset_dinner_cruise,97.69,0.1945658224386263
27,"cruises,_sailing_&_water_tours","jasper_national_park_tour:_maligne_valley,_medicine_lake_and_spirit_island",72.45,0.19432817170298622
694,recommended_experiences,montreal_city_hop-on_hop-off_tour,56.0,0.19325176336406158
422,tours_&_sightseeing,full-day_niagara_ice_wine_festival_tour_with_lunch_and_winery_visits,395.0,0.1930330741232864
38,"cruises,_sailing_&_water_tours",granite_falls_zodiac_tour,103.95,0.19300493416568987
538,family_friendly,niagara_on_the_lake_wine_tour_with_cheese_pairing,83.62,0.19283834781515208
813,recommended_experiences,whale-watching_cruise_from_victoria_to_vancouver,232.32,0.19276486515244384
304,tours_&_sightseeing,niagara_falls_small-group_day_tour_from_toronto,100.57,0.19269237178511978
746,recommended_experiences,luxury_coach_tour_of_niagara_falls_with_lunch_and_hornblower_cruise_from_toronto,215.0,0.19235068015156886
459,walking_&_biking_tours,niagara-on-the-lake_cycle_and_wine-tasting_tour_with_optional_two_course_lunch,77.98,0.1923081954109005
171,"food,_wine_&_nightlife",3-hour_east_vancouver_art_mural_&_craft_brewery_tour,45.0,0.1922460346842565
41,"cruises,_sailing_&_water_tours",quebec_city_dinner_cruise,142.56,0.19136578163568774
805,recommended_experiences,canyon_sainte-anne_walking_tour,13.5,0.1909718222293354
450,walking_&_biking_tours,"show_me_the_city,_toronto_walking_tour",36.0,0.19093532822182724
539,family_friendly,whale-watching_cruise_with_expert_naturalists,94.5,0.1908601417726239
214,outdoor_activities,arctic_day:_evening_aurora_viewing,135.45,0.1906913020270442
573,family_friendly,rideau_canal_cruise,29.0,0.19046046643738468
69,cultural_&_theme_tours,niagara_on_the_lake_wine_tour_with_cheese_pairing,83.62,0.18998928703020557
29,"cruises,_sailing_&_water_tours",victoria_whale_watching_adventure_in_a_zodiac_vessel,116.82,0.18996625843209436
348,tours_&_sightseeing,niagara-on-the-lake_cycle_and_wine-tasting_tour_with_optional_two_course_lunch,77.98,0.189505631509014
432,transfers_&_ground_transport,private_transport_from_vancouver_international_airport_(yvr)_to_north_or_west_vancouver,177.81,0.18932651408360912
722,recommended_experiences,peggy's_cove_day_trip_from_halifax,57.49,0.18914975997495542
53,"cruises,_sailing_&_water_tours",rideau_canal_cruise,29.0,0.18876987054740135
779,recommended_experiences,full-day_prince_edward_county_wine_tour_with_lunch,425.0,0.18869600315871027
320,tours_&_sightseeing,northern_lights_tour_from_yellowknife,100.0,0.18868369192726175
768,recommended_experiences,north_van_shipyards_district_food_tour,73.0,0.18864851698026597
72,cultural_&_theme_tours,quebec_city_historic_discoverers_cruise,44.83,0.1886037788445557
247,outdoor_activities,vancouver_biking_and_hiking_tour_including_lunch,135.5,0.18834639716208523
143,"food,_wine_&_nightlife",gastronomic_gastown_walking_tour,146.35,0.18821185298982657
498,water_sports,niagara_falls_open-top_jet-boat_ride,79.04,0.1881260590956697
187,"food,_wine_&_nightlife",pub_crawl_montreal,29.0,0.1880311966604905
441,walking_&_biking_tours,niagara_falls_tour_day_trip_from_toronto,89.0,0.18775331457922406
65,cultural_&_theme_tours,4-_to_6-hour_northern_lights_tour_from_yellowknife,85.0,0.1876319610120888
230,outdoor_activities,athabasca_glacier_snow_trip_from_banff,273.0,0.1874336622484002
14,"air,_helicopter_&_balloon_tours",whales_&_fly:_whale_watching_from_vancouver_to_victoria_&_return_seaplane_flight,447.57,0.18742503339421535
76,cultural_&_theme_tours,3-hour_east_vancouver_art_mural_&_craft_brewery_tour,45.0,0.18708762870732942
433,transfers_&_ground_transport,private_arrival_transfer:_calgary_international_airport_to_banff,528.26,0.18696187827181965
28,"cruises,_sailing_&_water_tours",victoria_whale_and_wildlife_cruise,151.2,0.1866499204606511
570,family_friendly,ottawa_river_historic_sightseeing_cruise,28.0,0.1865789659972581
581,family_friendly,quebec_city_shore_excursion:_grand_walking_tour_of_quebec_city,30.99,0.18600248159251054
785,recommended_experiences,guided_electric_bike_tour_in_whistler,134.96,0.18577857107054074
67,cultural_&_theme_tours,niagara_falls_day_and_evening_tour_with_boat_cruise_and_optional_fallsview_dinner,169.0,0.18555773835643297
810,recommended_experiences,quebec_city_shore_excursion:_grand_walking_tour_of_quebec_city,30.99,0.18523610743484065
453,walking_&_biking_tours,small-group_walking_tour_of_toronto's_kensington_market_and_chinatown,53.0,0.18491293760931715
699,recommended_experiences,victoria_and_butchart_gardens_tour_from_vancouver,212.0,0.183428280041823
44,"cruises,_sailing_&_water_tours",whales_&_fly:_whale_watching_from_vancouver_to_victoria_&_return_seaplane_flight,447.57,0.18323130033864676
546,family_friendly,toronto's_original_brunch_food_tour,99.0,0.182968972179255
337,tours_&_sightseeing,quebec_city_hop-on_hop-off_tour,42.55,0.18261370521459797
340,tours_&_sightseeing,stanley_park_horse-drawn_tours,42.0,0.18260282296537111
313,tours_&_sightseeing,toronto_city_hop-on_hop-off_tour,43.0,0.18254253090778627
43,"cruises,_sailing_&_water_tours",lady_muskoka_boat_cruise,42.94,0.18236868972443065
440,walking_&_biking_tours,victoria_guided_food_and_history_tour,63.0,0.1821214758000761
478,walking_&_biking_tours,electric_bike_tour_of_quebec_city,85.0,0.18205788609121043
657,recommended_experiences,johnston_canyon_icewalk,79.8,0.18194565602595203
651,recommended_experiences,quebec_city_and_montmorency_falls_day_trip_from_montreal,115.0,0.18177005609524666
354,tours_&_sightseeing,luxury_coach_tour_of_niagara_falls_with_lunch_and_hornblower_cruise_from_toronto,215.0,0.1814068747675156
631,luxury_&_special_occasions,sake_a_to_z_gastronomic_experience_in_distillery_district,90.0,0.18129343556345423
748,recommended_experiences,niagara_falls_domed_jet-boat_ride,79.04,0.18119846320656574
170,"food,_wine_&_nightlife",niagara-on-the-lake_cycle_and_wine-tasting_tour_with_optional_two_course_lunch,77.98,0.1809053569685527
212,outdoor_activities,whistler_small-group_day_trip_from_vancouver,145.0,0.18089997080479403
571,family_friendly,interactive_pirate_cruise_from_granville_island,34.5,0.1806358838980524
523,water_sports,brentwood_bay_kayak_tour_and_butchart_gardens_visit,100.8,0.18059697161293842
35,"cruises,_sailing_&_water_tours",victoria_whale_watch_tour,114.45,0.18048644533417513
66,cultural_&_theme_tours,victoria_guided_food_and_history_tour,63.0,0.18004769283125788
598,multi-day_&_extended_tours,4-day_yukon_aurora_viewing_tour,702.45,0.17980289718450926
591,shore_excursions,4-day_yukon_aurora_viewing_tour,702.45,0.1797404616535918
596,shore_excursions,"craft_vine,_orchard_&_stills",140.0,0.17972798553957925
681,recommended_experiences,northern_lights_tour_from_yellowknife,100.0,0.17960855560235778
231,outdoor_activities,lake_louise_winterland_from_banff,99.0,0.1794225680701177
738,recommended_experiences,small-group_wine_tour_from_niagara_falls_with_hotel_pickup,99.95,0.17931220667391856
428,transfers_&_ground_transport,hop-on_and_hop-off_banff_bus,60.0,0.17898887196583102
147,"food,_wine_&_nightlife",niagara-on-the-lake_wine-tasting_tour_with_gourmet_lunch_or_dinner,157.07,0.17896523879831827
693,recommended_experiences,mountain_lakes_and_waterfalls_day_trip_from_banff,183.75,0.17875248532984866
185,"food,_wine_&_nightlife",full-day_prince_edward_county_wine_tour_with_lunch,425.0,0.17872302631173975
607,luxury_&_special_occasions,niagara-on-the-lake_wine-tasting_tour_with_gourmet_lunch_or_dinner,157.07,0.17860694898665375
668,recommended_experiences,ice_explorer_glacier_tour_and_glacier_skywalk,114.45,0.17852137493591558
558,family_friendly,4-day_yukon_aurora_viewing_tour,702.45,0.17833258440008692
83,cultural_&_theme_tours,vancouver_full-day_sightseeing_and_photography_tour,249.0,0.17824112953789795
402,tours_&_sightseeing,treetop_adventure_course,40.95,0.1780837216500919
800,recommended_experiences,advanced_backcountry_snowmobile_expedition,313.95,0.17790608816776343
755,recommended_experiences,niagara_falls_small-group_tour_from_toronto,254.25,0.17770603065672508
735,recommended_experiences,green_gables_shore_tour_from_charlottetown,73.6,0.17765458729674377
153,"food,_wine_&_nightlife",small-group_granville_island_market_tour,79.9,0.17755329444156698
764,recommended_experiences,montreal_food_truck_tour_by_bike,159.83,0.1774901444195386
563,family_friendly,shared_wonder_tour,297.73,0.17743122638332076
309,tours_&_sightseeing,"best_of_niagara_falls_tour_from_niagara_falls,_ontario",158.0,0.1773840150091499
685,recommended_experiences,niagara-on-the-lake_wine-tasting_tour_with_gourmet_lunch_or_dinner,157.07,0.1773067400474686
122,day_trips_&_excursions,full-day_niagara_winery_tour_from_toronto,99.0,0.17717708739127647
300,"shows,_concerts_&_sports",pirate_life_adventure_cruise_in_toronto,38.0,0.17716785396769008
522,water_sports,okanagan_flyboard_experience,124.0,0.17687260425634443
8,"air,_helicopter_&_balloon_tours",vancouver_seaplane_tour,135.0,0.17673932418374338
70,cultural_&_theme_tours,niagara-on-the-lake_wine-tasting_tour_with_gourmet_lunch_or_dinner,157.07,0.1766046700897752
134,day_trips_&_excursions,small-group_niagara_falls_tour,250.0,0.17631530118988048
99,day_trips_&_excursions,quebec_city_and_montmorency_falls_day_trip_from_montreal,115.0,0.176159871892843
487,walking_&_biking_tours,stanley_park_photography_tour_in_vancouver,104.0,0.17575689890632296
311,tours_&_sightseeing,butchart_gardens_tour_from_victoria,73.5,0.17526384507898096
777,recommended_experiences,whales_&_fly:_whale_watching_from_vancouver_to_victoria_&_return_seaplane_flight,447.57,0.17509121303442832
252,outdoor_activities,4-day_yukon_aurora_viewing_tour,702.45,0.17499035986608902
201,"food,_wine_&_nightlife",uncork_saint_john_food_and_drink_tour,85.1,0.1747473779275449
4,featured_tours_and_tickets,"best_of_niagara_falls_tour_from_niagara_falls,_ontario",158.0,0.1745347343807846
466,walking_&_biking_tours,north_van_shipyards_district_food_tour,73.0,0.17412566073939495
265,outdoor_activities,1-_or_2-hour_horseback_ride_in_pemberton,82.95,0.17361914150265612
302,tours_&_sightseeing,vancouver_city_sightseeing_tour,80.0,0.1735946289614685
236,outdoor_activities,"whistler_sightseeing_tour_from_vancouver,_includes_cypress_and_shannon_falls",144.95,0.17337599468154796
244,outdoor_activities,lynn_canyon_park_and_photography_tour,99.0,0.1733526912791633
105,day_trips_&_excursions,niagara-on-the-lake_wine-tasting_tour_with_gourmet_lunch_or_dinner,157.07,0.17329151984790347
814,recommended_experiences,half_day_guided_horseback_ride_at_birkenhead_lake,303.46,0.17324452831715142
706,recommended_experiences,5.5-hour_jasper_wildlife_and_waterfalls_tour_with_maligne_lake_cruise_from_jasper,144.59,0.1732190264805794
125,day_trips_&_excursions,niagara_falls_small-group_tour_from_toronto,254.25,0.1731117428922424
291,outdoor_activities,nanaimo_classic_adventure_course,41.99,0.17306733452166023
119,day_trips_&_excursions,private_niagara_falls_full-day_tour_from_toronto,700.0,0.17303787550355132
148,"food,_wine_&_nightlife",toronto_distillery_district_walking_tour,23.73,0.17284556747302304
267,outdoor_activities,half-day_yukon_snowshoeing_adventure,135.45,0.1728109970954287
691,recommended_experiences,toronto_distillery_district_walking_tour,23.73,0.1726984372650423
12,"air,_helicopter_&_balloon_tours",seaplane_flight_to_victoria_and_whale-watching_cruise,469.0,0.17265067628232467
371,tours_&_sightseeing,45-minute_beacon_hill_park_carriage_tour,165.0,0.17214619059720904
470,walking_&_biking_tours,toronto_islands_evening_bike_tour,96.05,0.17213360456148707
97,day_trips_&_excursions,luxury_niagara_falls_day_trip_from_toronto_with_cruise_and_lunch,169.0,0.17201752723640118
322,tours_&_sightseeing,niagara-on-the-lake_wine-tasting_tour_with_gourmet_lunch_or_dinner,157.07,0.17179619987460126
535,family_friendly,victoria_guided_food_and_history_tour,63.0,0.17172958731872812
276,outdoor_activities,guided_zipline_tour_in_mont_tremblant,114.58,0.17163587906149724
621,luxury_&_special_occasions,whales_&_fly:_whale_watching_from_vancouver_to_victoria_&_return_seaplane_flight,447.57,0.17134156368468123
290,outdoor_activities,whistler_blackcomb_salmon_bake_dinner_and_atv_tour,183.75,0.17115046479295581
431,transfers_&_ground_transport,shared_transfer:_jasper_to_edmonton_airport_or_edmonton_mall,93.45,0.17109270093468631
200,"food,_wine_&_nightlife",full-day_niagara_ice_wine_festival_tour_with_lunch_and_winery_visits,395.0,0.1710408178878675
130,day_trips_&_excursions,seaplane_flight_to_vancouver_with_bus_tour_from_victoria,439.0,0.17068906841790998
202,"food,_wine_&_nightlife",vancouver_craft_brewery_tour,79.5,0.17045955188876272
126,day_trips_&_excursions,bc_winter_super_saver_2_day_city_hop_on_hop_off_tour_plus_whistler_day_trip,231.0,0.1704516375256887
141,"food,_wine_&_nightlife",niagara_falls_day_and_evening_tour_with_boat_cruise_and_optional_fallsview_dinner,169.0,0.1703075851255702
46,"cruises,_sailing_&_water_tours",victoria_whale_watching_tour_on_a_covered_vessel,122.0,0.1701078024188052
801,recommended_experiences,treetop_adventure_course,40.95,0.16996710263082226
56,"cruises,_sailing_&_water_tours",ottawa_river_tours,27.0,0.16994599766262475
505,water_sports,river_of_golden_dreams_canoe_tour_in_whistler,114.45,0.16991258146297883
279,outdoor_activities,ghost_canyon,259.0,0.169745500464749
294,outdoor_activities,whistler_via_ferrata_tour,177.45,0.16944651341528505
526,water_sports,athabasca_river_mile_5_morning_rafting_trip,72.45,0.16879225940116405
580,family_friendly,gulf_islands_kayak_and_seaplane_adventure,629.0,0.16872190950717258
603,luxury_&_special_occasions,day_trip_from_seattle_to_victoria_on_the_victoria_clipper,170.4,0.16820978426325628
472,walking_&_biking_tours,whales_&_fly:_whale_watching_from_vancouver_to_victoria_&_return_seaplane_flight,447.57,0.16800637414008246
7,local_experiences,"local_food,_craft_beverage_and_estate_winery_tour_of_cowichan_valley",150.0,0.1678768314055996
744,recommended_experiences,city_highlights_bus_tour_of_charlottetown,27.6,0.1677783415540116
559,family_friendly,vancouver_super_saver:_1-day_city_hop-on_hop-off_tour_and_attractions_combo,81.0,0.1677704271909375
401,tours_&_sightseeing,boldt_castle_and_thousand_islands_helicopter_tour,172.84,0.16739889181329493
732,recommended_experiences,wild_current_canoe_adventure_at_pyramid_lake,120.0,0.1672518715270236
364,tours_&_sightseeing,victoria_in_one_day_sightseeing_tour,240.45,0.1670818776034957
219,outdoor_activities,callaghan_valley_winter_snowmobile_tour,208.95,0.16694321136713586
318,tours_&_sightseeing,guided_tour_of_the_fairmont_le_château_frontenac_in_quebec_city,26.25,0.1668966595232212
336,tours_&_sightseeing,full-day_niagara_falls_tour_from_toronto,113.0,0.16670066911542925
307,tours_&_sightseeing,quebec_city_and_montmorency_falls_day_trip_from_montreal,115.0,0.16647346094217852
224,outdoor_activities,horse-drawn_sleigh_ride_in_banff,39.9,0.16638717240032963
587,shore_excursions,day_trip_from_seattle_to_victoria_on_the_victoria_clipper,170.4,0.1663059402571112
378,tours_&_sightseeing,whales_&_fly:_whale_watching_from_vancouver_to_victoria_&_return_seaplane_flight,447.57,0.1659723828300531
576,family_friendly,boldt_castle_and_thousand_islands_helicopter_tour,172.84,0.16596815084424266
419,tours_&_sightseeing,30-minute_victoria_carriage_tour_including_james_bay,115.0,0.16570038156023748
210,outdoor_activities,johnston_canyon_icewalk,79.8,0.16530438860226193
552,family_friendly,montmorency_falls_bike_tour_in_quebec,77.0,0.1652585512494581
713,recommended_experiences,niagara_falls_open-top_jet-boat_ride,79.04,0.16506684778833125
790,recommended_experiences,little_italy_walking_food_tour_in_vancouver,73.0,0.16488838989318244
120,day_trips_&_excursions,niagara-on-the-lake_cycle_and_wine-tasting_tour_with_optional_two_course_lunch,77.98,0.1648393648108072
106,day_trips_&_excursions,skagway_shore_excursion:_bennett_train_journey_on_the_white_pass_rail,322.48,0.16472427678110546
488,walking_&_biking_tours,independent_bike_tour_of_niagara-on-the-lake_wineries_including_wine_tastings,64.0,0.16469064073804074
132,day_trips_&_excursions,vancouver_to_victoria_whale_watching_with_return_to_vancouver_by_seaplane,569.0,0.16463985690831562
191,"food,_wine_&_nightlife",little_italy_walking_food_tour_in_vancouver,73.0,0.16422462765120172
446,walking_&_biking_tours,toronto_distillery_district_walking_tour,23.73,0.163874801811158
315,tours_&_sightseeing,ultimate_toronto_tour,175.0,0.16369233177361753
357,tours_&_sightseeing,6-hour_niagara_falls_canadian_side_evening_illuminations_tour,149.89,0.16353838641965646
627,luxury_&_special_occasions,ultimate_thousand_islands_helicopter_tour,522.0,0.16347556616275627
194,"food,_wine_&_nightlife",whistler_blackcomb_salmon_bake_dinner_and_atv_tour,183.75,0.16294381989371887
412,tours_&_sightseeing,epic_toronto_night_tour,89.0,0.16281339778556125
15,"air,_helicopter_&_balloon_tours",vancouver_to_victoria_by_seaplane_and_ferry,289.0,0.16237722844281388
133,day_trips_&_excursions,2-day_whistler_sea_to_sky_tour_from_vancouver,166.95,0.16213715942956786
338,tours_&_sightseeing,"whistler_sightseeing_tour_from_vancouver,_includes_cypress_and_shannon_falls",144.95,0.16184784549052778
550,family_friendly,arctic_day:_yukon_wildlife_and_hot_springs_tour,145.95,0.1617440793968904
486,walking_&_biking_tours,granville_island_night_photography_tour,103.95,0.16162888144547927
339,tours_&_sightseeing,peggy's_cove_day_trip_from_halifax,57.49,0.16157991132395866
554,family_friendly,best_of_vancouver_-_4_hours,186.65,0.16151895973611752
174,"food,_wine_&_nightlife",fraser_valley_wine_tour_from_vancouver,187.0,0.1614204698845294
418,tours_&_sightseeing,seaplane_flight_to_victoria_with_whale_watching_and_return_by_ferry,389.0,0.16121645519195404
216,outdoor_activities,whale-watching_cruise_with_expert_naturalists,94.5,0.16044365061428645
55,"cruises,_sailing_&_water_tours",vancouver_to_victoria_whale_watching_with_return_to_vancouver_by_seaplane,569.0,0.1601849498713036
628,luxury_&_special_occasions,"craft_vine,_orchard_&_stills",140.0,0.1601550511663573
611,luxury_&_special_occasions,"whistler_sightseeing_tour_from_vancouver,_includes_cypress_and_shannon_falls",144.95,0.16013614463234704
595,shore_excursions,quebec_city_shore_excursion:_grand_walking_tour_of_quebec_city,30.99,0.1598705737825291
103,day_trips_&_excursions,vancouver_north_shore_day_trip_with_capilano_suspension_bridge_and_grouse_mountain,170.0,0.15975757426530524
343,tours_&_sightseeing,best_of_vancouver_-_4_hours,186.65,0.1596001663774993
284,outdoor_activities,5-hour_exotic_car_experience_including_lunch,800.0,0.15924929628121665
795,recommended_experiences,montreal_afternoon_tea_tour,149.5,0.1591085964932336
727,recommended_experiences,banff_via_ferrata_climbing_adventure,177.45,0.1586442871928897
812,recommended_experiences,independent_bike_tour_of_niagara-on-the-lake_wineries_including_wine_tastings,64.0,0.1585196359744735
742,recommended_experiences,niagara-on-the-lake_cycle_and_wine-tasting_tour_with_optional_two_course_lunch,77.98,0.15821614213492585
375,tours_&_sightseeing,montreal's_underground_city_indoor_tour,65.0,0.15700601403656256
794,recommended_experiences,rideau_canal_cruise,29.0,0.15685371750824195
58,"cruises,_sailing_&_water_tours",seaplane_flight_to_victoria_with_whale_watching_and_return_by_ferry,389.0,0.1564792692053012
592,shore_excursions,sea_to_sky_exotic_driving_experience,404.25,0.1562291973165033
282,outdoor_activities,whistler_exotic_car_driving_experience,887.25,0.1556737629190985
504,water_sports,three_sisters_sea_kayaking_day_tour,136.85,0.15519324016662372
57,"cruises,_sailing_&_water_tours",whale-watching_cruise_from_victoria_to_vancouver,232.32,0.15512415437228988
333,tours_&_sightseeing,small-group_walking_tour_of_toronto's_kensington_market_and_chinatown,53.0,0.1547761972013053
169,"food,_wine_&_nightlife",vancouver_art_deco_&_chocolate_tasting_tour,54.6,0.1545376121311357
585,shore_excursions,"craft_vine,_orchard_&_stills",140.0,0.15433051963069822
461,walking_&_biking_tours,historical_chinatown_walking_tour,15.0,0.15425181568679525
752,recommended_experiences,top_of_gowlland_tod_hike_in_victoria,86.0,0.15381652571772275
758,recommended_experiences,victoria_whale_watching_tour_by_zodiac,114.45,0.15376068548936705
22,"air,_helicopter_&_balloon_tours",seaplane_flight_to_victoria_with_whale_watching_and_return_by_ferry,389.0,0.153608114156773
139,"food,_wine_&_nightlife",victoria_guided_food_and_history_tour,63.0,0.1530574063928707
619,luxury_&_special_occasions,fraser_valley_wine_tour_from_vancouver,187.0,0.1528245922124426
325,tours_&_sightseeing,montreal_city_hop-on_hop-off_tour,56.0,0.15231548981553378
636,private_&_custom_tours,best_of_toronto_private_food_tour_with_sightseeing_and_black_car,225.0,0.1523083998652799
655,recommended_experiences,"best_of_niagara_falls_tour_from_niagara_falls,_ontario",158.0,0.1521575872800357
660,recommended_experiences,toronto_city_hop-on_hop-off_tour,43.0,0.15183447241536685
250,outdoor_activities,3_hour_whale_watching_tour,129.0,0.15159962468331556
416,tours_&_sightseeing,"craft_vine,_orchard_&_stills",140.0,0.1515327922840236
84,cultural_&_theme_tours,thousand_islands_sunset_dinner_cruise,99.44,0.1514905823476287
510,water_sports,whales_&_fly:_whale_watching_from_vancouver_to_victoria_&_return_seaplane_flight,447.57,0.15139621456014163
157,"food,_wine_&_nightlife",the_fraser_valley_winery_tour,149.96,0.15135164130699552
90,cultural_&_theme_tours,original_haunted_walk_of_toronto,24.5,0.1513054741890636
519,water_sports,gulf_islands_kayak_and_seaplane_adventure,629.0,0.1509260244483469
92,cultural_&_theme_tours,"rabbis,_writers_and_radicals:_montreal_jewish_history_walking_tour",24.0,0.15073080349252044
329,tours_&_sightseeing,5.5-hour_jasper_wildlife_and_waterfalls_tour_with_maligne_lake_cruise_from_jasper,144.59,0.15060681180436042
604,luxury_&_special_occasions,niagara_falls_day_and_evening_tour_with_boat_cruise_and_optional_fallsview_dinner,169.0,0.1503730632894027
796,recommended_experiences,ghost_canyon,259.0,0.15024099235560462
774,recommended_experiences,montreal's_underground_city_indoor_tour,65.0,0.149815375496956
614,luxury_&_special_occasions,best_of_vancouver_-_4_hours,186.65,0.14969402192982073
594,shore_excursions,quebec_shore_excursion:_small-group_food_walking_tour,53.0,0.14960256706763175
195,"food,_wine_&_nightlife",mornings_just_got_better-_niagara_on_the_lake,65.54,0.14955508088918745
414,tours_&_sightseeing,independent_bike_tour_of_niagara-on-the-lake_wineries_including_wine_tastings,64.0,0.14920662907051085
222,outdoor_activities,"jasper_national_park_tour:_maligne_valley,_medicine_lake_and_spirit_island",72.45,0.1491315525430168
89,cultural_&_theme_tours,rideau_canal_cruise,29.0,0.14892385547317777
389,tours_&_sightseeing,thousand_islands_sunset_dinner_cruise,99.44,0.14889318731626588
639,private_&_custom_tours,ultimate_thousand_islands_helicopter_tour,522.0,0.1486528434987464
767,recommended_experiences,squamish_cheakamus_white-water_rafting,120.74,0.14850422934768936
47,"cruises,_sailing_&_water_tours",vancouver_full-day_sightseeing_and_photography_tour,249.0,0.14821667415599915
163,"food,_wine_&_nightlife",3-hour_old_chinatown_food_tour_in_toronto,100.0,0.14641862979511466
590,shore_excursions,quebec_city_shore_excursion:_half-day_tour_to_montmorency_falls_and_ste-anne-de-beaupré,57.5,0.14628073301072042
687,recommended_experiences,vancouver_harbor_sunset_dinner_cruise,97.69,0.14556338393542578
111,day_trips_&_excursions,athabasca_glacier_snow_trip_from_banff,273.0,0.14420958816292684
258,outdoor_activities,whistler_odyssey_tour:_off-road_buggy_adventure,229.0,0.14395962619583824
567,family_friendly,whales_&_fly:_whale_watching_from_vancouver_to_victoria_&_return_seaplane_flight,447.57,0.14383711845075464
229,outdoor_activities,seaplane_flight_to_victoria_and_whale-watching_cruise,469.0,0.14341820681637707
702,recommended_experiences,7-minute_helicopter_tour_over_toronto,123.18,0.1432297460456764
239,outdoor_activities,arctic_day:_yukon_wildlife_and_hot_springs_tour,145.95,0.14321391731952837
145,"food,_wine_&_nightlife",historic_downtown_victoria_food_tour,70.0,0.14309228894811954
733,recommended_experiences,victoria_day_trip_from_seattle_with_butchart_gardens,271.28,0.1417444839087808
490,walking_&_biking_tours,vancouver_secrets_of_stanley_park_walking_tour,38.85,0.14151013082442165
61,"cruises,_sailing_&_water_tours",bowen_island_dinner_and_zodiac_tour,135.45,0.14133029890790583
624,luxury_&_special_occasions,thousand_islands_sunset_dinner_cruise,99.44,0.14083548633321397
21,"air,_helicopter_&_balloon_tours",gulf_islands_kayak_and_seaplane_adventure,629.0,0.14046411583813545
474,walking_&_biking_tours,downtown_toronto_bike_tour,84.75,0.14030363014246727
297,outdoor_activities,beyond_city_sights_e-bike_adventure_tour,89.0,0.1399804603169439
328,tours_&_sightseeing,seaplane_flight_to_victoria_and_whale-watching_cruise,469.0,0.13963398708903574
562,family_friendly,quebec_city_dinner_cruise,142.56,0.13942953270962288
397,tours_&_sightseeing,rideau_canal_cruise,29.0,0.13895395643406938
109,day_trips_&_excursions,victoria_and_butchart_gardens_tour_from_vancouver,212.0,0.13872663833910936
705,recommended_experiences,athabasca_glacier_snow_trip_from_banff,273.0,0.13858665304223716
181,"food,_wine_&_nightlife","kayak,_wine,_and_cheese_tour",155.75,0.13850663003782182
689,recommended_experiences,horse-drawn_sleigh_ride_in_banff,39.9,0.13838615584436142
612,luxury_&_special_occasions,arctic_day:_yukon_wildlife_and_hot_springs_tour,145.95,0.1378699634971987
2,featured_tours_and_tickets,quebec_city_and_montmorency_falls_day_trip_from_montreal,115.0,0.13747094769221568
298,outdoor_activities,whistler_glacier_ascent_hike,177.45,0.1366388403523474
589,shore_excursions,"whistler_sightseeing_tour_from_vancouver,_includes_cypress_and_shannon_falls",144.95,0.13614199422603246
820,recommended_experiences,vancouver_whale_watching_safari,259.0,0.13598018946985202
262,outdoor_activities,banff_national_park_guided_hike_with_lunch,109.2,0.13590456333381107
482,walking_&_biking_tours,quebec_city_bike_tour_along_saint_lawrence_river,60.0,0.1356882374097872
532,family_friendly,greg_frewin_wild_magic_show,32.77,0.13442018057059035
40,"cruises,_sailing_&_water_tours",victoria_whale_watching_tour_by_zodiac,114.45,0.13386177828703283
475,walking_&_biking_tours,guided_electric_bike_tour_in_whistler,134.96,0.13341829915061298
749,recommended_experiences,flavors_of_old_montreal_walking_tour,68.0,0.13313717437892036
263,outdoor_activities,sea_to_sky_exotic_driving_experience,404.25,0.1330457195167314
391,tours_&_sightseeing,guided_electric_bike_tour_in_whistler,134.96,0.13276607868811519
75,cultural_&_theme_tours,historical_chinatown_walking_tour,15.0,0.13258141021638747
745,recommended_experiences,4-day_yukon_aurora_viewing_tour,702.45,0.13247703955334855
615,luxury_&_special_occasions,3-hour_east_vancouver_art_mural_&_craft_brewery_tour,45.0,0.1323008900140964
606,luxury_&_special_occasions,northern_lights_tour_from_yellowknife,100.0,0.1315338563261702
253,outdoor_activities,covered_wagon_or_horseback_ride_in_banff_with_western_cookout,103.95,0.131480159571147
154,"food,_wine_&_nightlife","show_me_the_city,_toronto_walking_tour",36.0,0.13113506036460587
824,recommended_experiences,victoria_and_butchart_gardens_with_victoria_clipper_to_seattle_one-way_from_vancouver,373.0,0.13110757993726552
496,water_sports,seaplane_flight_to_victoria_and_whale-watching_cruise,469.0,0.13083294054642525
270,outdoor_activities,vancouver_full-day_sightseeing_and_photography_tour,249.0,0.1308156278772007
167,"food,_wine_&_nightlife",small-group_wine_tour_from_niagara_falls_with_hotel_pickup,99.95,0.13057935116292774
425,tours_&_sightseeing,city_beers:_bus_tour_of_ottawa_breweries,84.75,0.13022644751502188
609,luxury_&_special_occasions,whistler_sightseeing_tours_-_discover_all_of_whistler_this_winter!,83.99,0.1297181695309333
809,recommended_experiences,quebec_shore_excursion:_small-group_food_walking_tour,53.0,0.12915185288430164
243,outdoor_activities,whistler_wilderness_snowmobile_run,208.96,0.12912255874875678
707,recommended_experiences,small-group_gourmet_food_tour_in_vancouver,131.87,0.12909881565953463
39,"cruises,_sailing_&_water_tours",niagara_falls_small-group_tour_from_toronto,254.25,0.128917060113105
285,outdoor_activities,treetop_adventure_course,40.95,0.12890299013430673
115,day_trips_&_excursions,winter_wildlife_discovery_tour,72.45,0.12866995611045984
392,tours_&_sightseeing,jewish_neighborhood_food_tour,95.44,0.12847121765993386
645,recommended_experiences,skylon_tower_observation_deck_admission,15.0,0.12732715250889703
3,featured_tours_and_tickets,niagara_falls_day_trip_from_toronto,169.0,0.1266874081604118
137,day_trips_&_excursions,victoria_and_butchart_gardens_with_victoria_clipper_to_seattle_one-way_from_vancouver,373.0,0.12625959286757593
680,recommended_experiences,whale-watching_cruise_with_expert_naturalists,94.5,0.12579248056364334
553,family_friendly,lynn_canyon_park_and_photography_tour,99.0,0.12563919473993845
175,"food,_wine_&_nightlife","local_food,_craft_beverage_and_estate_winery_tour_of_cowichan_valley",150.0,0.1250668873601466
332,tours_&_sightseeing,whistler_sightseeing_tours_-_discover_all_of_whistler_this_winter!,83.99,0.12484731874569654
791,recommended_experiences,interactive_pirate_cruise_from_granville_island,34.5,0.12433134624195263
540,family_friendly,northern_lights_tour_from_yellowknife,100.0,0.12420867361430499
492,walking_&_biking_tours,gourmet_bike_tour_in_niagara-on-the-lake_with_wine_and_beer,134.47,0.12391166515560958
641,private_&_custom_tours,"craft_vine,_orchard_&_stills",140.0,0.1235081975213973
521,water_sports,half-day_whitewater_rafting_in_revelstoke,130.2,0.12348516892328609
511,water_sports,whitewater_rafting_on_jasper's_fraser_river,122.09,0.1229768909391975
180,"food,_wine_&_nightlife",the_pork_and_bacon_walking_food_tour_of_toronto's_hogtown_history,98.0,0.1226194255403531
788,recommended_experiences,rzr_off-roading_tours_from_whistler,198.45,0.12239650431376758
417,tours_&_sightseeing,gourmet_bike_tour_in_niagara-on-the-lake_with_wine_and_beer,134.47,0.1220641010646577
458,walking_&_biking_tours,bike_tour_of_downtown_vancouver_and_stanley_park,68.25,0.12204211672278531
177,"food,_wine_&_nightlife",food_walking_tour_of_granville_island_public_market,60.0,0.12147140320777927
617,luxury_&_special_occasions,4-day_yukon_aurora_viewing_tour,702.45,0.12105078778690659
108,day_trips_&_excursions,luxury_niagara_falls_day_trip_from_toronto_with_cruise_and_lunch,169.0,0.12090393238319941
555,family_friendly,3-hour_east_vancouver_art_mural_&_craft_brewery_tour,45.0,0.11996239798166153
158,"food,_wine_&_nightlife",kensington_market_-toronto's_neighborhood_international_food_tour,89.0,0.11894056577143497
520,water_sports,english_bay_jet_ski_tour_from_vancouver,155.68,0.1186248706221481
346,tours_&_sightseeing,60-minute_the_royal_carriage_tour,215.0,0.11696109562924906
373,tours_&_sightseeing,3_hour_montreal_city_bike_tour_with_wine_or_beer,74.73,0.11638290743800639
513,water_sports,victoria_marine_wildlife_tour,112.35,0.11440563573000762
588,shore_excursions,skagway_shore_excursion:_bennett_train_journey_on_the_white_pass_rail,322.47,0.11377996136032076
424,tours_&_sightseeing,bowen_island_dinner_and_zodiac_tour,135.45,0.11344096280864913
184,"food,_wine_&_nightlife",calgary_food_walking_tour_-_calgary_farmers_market,69.29,0.1117982927839476
674,recommended_experiences,capilano_suspension_bridge_and_grouse_mountain_from_vancouver,212.0,0.11098926900304529
729,recommended_experiences,quebec_city_shore_excursion:_half-day_tour_to_montmorency_falls_and_ste-anne-de-beaupré,57.5,0.11051220878441537
360,tours_&_sightseeing,1-hour_distillery_history_district_by_segway,77.97,0.11001756109228766
464,walking_&_biking_tours,montreal_food_truck_tour_by_bike,159.83,0.1097317646479471
386,tours_&_sightseeing,downtown_toronto_bike_tour,84.75,0.10958622830475218
71,cultural_&_theme_tours,small-group_toronto_ghosts_and_spirits_of_the_distillery_tour,24.5,0.10885239097305333
421,tours_&_sightseeing,historical_tasting_old_quebec_walking_tour,52.0,0.10847777778754863
396,tours_&_sightseeing,victoria_highlight_city_tour,74.95,0.10815065078048813
545,family_friendly,seaplane_flight_to_victoria_and_whale-watching_cruise,469.0,0.10756498791300884
783,recommended_experiences,shore_excursion:_charlottetown_south_shore_and_confederation_bridge,410.0,0.1073170045366888
582,family_friendly,independent_bike_tour_of_niagara-on-the-lake_wineries_including_wine_tastings,64.0,0.10711430890462581
36,"cruises,_sailing_&_water_tours",vancouver_harbor_sightseeing_cruise,40.9,0.106619661212498
166,"food,_wine_&_nightlife",a_wok_around_chinatown:_culinary_and_cultural_walking_tour,108.0,0.10544278443121669
737,recommended_experiences,bike_tour_of_downtown_vancouver_and_stanley_park,68.25,0.10539996992542033
599,multi-day_&_extended_tours,2-day_whistler_sea_to_sky_tour_from_vancouver,166.95,0.1052812544793097
462,walking_&_biking_tours,3-hour_east_vancouver_art_mural_&_craft_brewery_tour,45.0,0.10480463394751716
370,tours_&_sightseeing,montreal_food_truck_tour_by_bike,159.83,0.10381797668428638
367,tours_&_sightseeing,quebec_city_dinner_cruise,142.56,0.10374235054824554
811,recommended_experiences,brentwood_bay_kayak_tour_and_butchart_gardens_visit,100.8,0.10343017289365819
471,walking_&_biking_tours,montreal_mural_tour,45.0,0.10272315645904362
91,cultural_&_theme_tours,yukon_breakfast_snowmobile_tour,246.75,0.10190445956771743
209,sightseeing_tickets_&_passes,brentwood_bay_kayak_tour_and_butchart_gardens_visit,100.8,0.1005370335032576
394,tours_&_sightseeing,victoria_classic_adventure_course,41.99,0.09975527030627707
701,recommended_experiences,montreal_craft_brewery_and_beer_tasting_small-group_tour,74.73,0.09762630663935912
508,water_sports,4-hour_eagle_viewing_river_float_trip_from_squamish_with_lunch,125.99,0.09756738860314129
381,tours_&_sightseeing,dune_buggy_4x4_tours,197.77,0.09754188676656939
484,walking_&_biking_tours,canyon_sainte-anne_walking_tour,13.5,0.09550613670919028
782,recommended_experiences,whitewater_rafting_on_jasper's_fraser_river,122.09,0.0941061738187593
299,outdoor_activities,5-night_churchill_tour_and_polar_bear_adventure_from_winnipeg,-1.0,0.09351875220393024
45,"cruises,_sailing_&_water_tours",vancouver_to_victoria_by_seaplane_and_ferry,289.0,0.09343697045216515
11,"air,_helicopter_&_balloon_tours",7-minute_helicopter_tour_over_toronto,123.18,0.09182419913240991
622,luxury_&_special_occasions,best_of_toronto_private_food_tour_with_sightseeing_and_black_car,225.0,0.09134581985326773
806,recommended_experiences,english_bay_jet_ski_tour_from_vancouver,155.68,0.0908393006165289
20,"air,_helicopter_&_balloon_tours",vancouver_to_victoria_whale_watching_with_return_to_vancouver_by_seaplane,569.0,0.09060099035063263
756,recommended_experiences,victoria_in_one_day_sightseeing_tour,240.45,0.09049106864127088
235,outdoor_activities,winter_wildlife_discovery_tour,72.45,0.0891086932243379
221,outdoor_activities,dogsled_adventure_in_mont-tremblant,169.34,0.08904010207769619
669,recommended_experiences,ultimate_toronto_tour,175.0,0.08826383496618373
60,"cruises,_sailing_&_water_tours",90-minute_1000_islands_sightseeing_cruise,27.5,0.08735786023762437
199,"food,_wine_&_nightlife",all_star_wineries_of_kelowna_tour,166.95,0.08610563212457556
17,"air,_helicopter_&_balloon_tours",vancouver_to_victoria_seaplane_flight,218.0,0.08558196510117633
218,outdoor_activities,winter_tour:_banff_and_its_wildlife,70.35,0.08441547592142973
410,tours_&_sightseeing,granville_island_night_photography_tour,103.95,0.08414902569793692
525,water_sports,whistler_full-day_fly_fishing,271.95,0.08399777342585513
165,"food,_wine_&_nightlife",niagara-on-the-lake_winery_tasting_afternoon_tour_with_wine_and_cheese,95.0,0.08349477168381592
128,day_trips_&_excursions,vancouver_full-day_sightseeing_and_photography_tour,249.0,0.08334703690643375
259,outdoor_activities,medicine_trail_snowshoe_tour,93.45,0.08332505256456135
704,recommended_experiences,seaplane_flight_to_victoria_and_whale-watching_cruise,469.0,0.0821176725089322
500,water_sports,kicking_horse_river_whitewater_rafting,159.6,0.08019096478723997
682,recommended_experiences,winter_tour:_banff_and_its_wildlife,70.35,0.07988758086940162
48,"cruises,_sailing_&_water_tours",maligne_lake_cruise,82.95,0.07850872294716815
630,luxury_&_special_occasions,gourmet_bike_tour_in_niagara-on-the-lake_with_wine_and_beer,134.47,0.07581520138096842
208,sightseeing_tickets_&_passes,calgary_zoo_admission_ticket,31.45,0.07423848438188385
473,walking_&_biking_tours,vancouver_full-day_sightseeing_and_photography_tour,249.0,0.07389025240662594
529,water_sports,vancouver_whale_watching_safari,259.0,0.07346903241635172
601,multi-day_&_extended_tours,5-night_churchill_tour_and_polar_bear_adventure_from_winnipeg,-1.0,0.07313574979356707
739,recommended_experiences,60-minute_the_royal_carriage_tour,215.0,0.06993658836430339
178,"food,_wine_&_nightlife",montreal_food_truck_tour_by_bike,159.83,0.06862456284136187
434,transfers_&_ground_transport,whale-watching_cruise_from_victoria_to_vancouver,232.32,0.06814618356221969
717,recommended_experiences,kicking_horse_river_whitewater_rafting,159.6,0.06562501923629915
321,tours_&_sightseeing,winter_tour:_banff_and_its_wildlife,70.35,0.06516950367270413
565,family_friendly,quebec_lower_town_historical_bike_tour,57.0,0.0626184406418373
493,walking_&_biking_tours,sake_a_to_z_gastronomic_experience_in_distillery_district,90.0,0.06084826143427602
528,water_sports,ready-set-go_rafting_trip_on_the_clearwater_river,120.75,0.05951688969048685
100,day_trips_&_excursions,niagara_falls_day_trip_from_toronto,169.0,0.05850912745905856
635,private_&_custom_tours,historic_tour_around_town,115.0,0.05783728597143967
225,outdoor_activities,grotto_canyon_icewalk,79.8,0.04491576919255025
296,outdoor_activities,whistler_full-day_fly_fishing,271.95,0.04346656137632532
541,family_friendly,montreal_tower_observatory_admission_plus_optional_ticket_to_botanical_garden,23.75,0.03524265876871857
135,day_trips_&_excursions,toronto_to_niagara_falls_day_trip_by_train,489.41,0.03382686715213956
566,family_friendly,montreal_mural_tour,45.0,0.02353819515588218
317,tours_&_sightseeing,capilano_suspension_bridge_and_grouse_mountain_from_vancouver,212.0,0.020969544651517347
366,tours_&_sightseeing,gems_of_montreal_small_group_city_tour,171.32,0.018110700834437665
398,tours_&_sightseeing,montreal_afternoon_tea_tour,149.5,0.005634147135044509
82,cultural_&_theme_tours,montreal_mural_tour,45.0,0.0
